,PassengerId,Pclass,Sex,Age,Fare,Embarked,Title,Name_length,LuckyElizabeth,LuckyAnna,LuckyMary,Family,Alone,Fsize,Cabin_Lv,Survived
0,1,3,1,22.0,7.25,2,2,21,0,0,0,1,0,2,4,0
1,2,1,0,38.0,71.2833,0,3,48,0,0,0,1,0,2,2,1
2,3,3,0,26.0,7.925,2,1,18,0,0,0,0,1,0,4,1
3,4,1,0,35.0,53.1,2,3,41,0,0,0,1,0,2,2,1
4,5,3,1,35.0,8.05,2,2,22,0,0,0,0,1,0,4,0
5,6,3,1,26.0,8.4583,1,2,14,0,0,0,0,1,0,4,0
6,7,1,1,54.0,51.8625,2,2,21,0,0,0,0,1,0,4,0
7,8,3,1,2.0,21.075,2,0,24,0,0,0,4,0,2,4,0
8,9,3,0,27.0,11.1333,2,3,46,0,0,0,2,0,2,4,1
9,10,2,0,14.0,30.0708,0,3,32,0,0,0,1,0,2,4,1
10,11,3,0,4.0,16.7,2,1,27,0,0,0,2,0,2,6,1
11,12,1,0,58.0,26.55,2,1,20,1,0,0,0,1,0,2,1
12,13,3,1,20.0,8.05,2,2,28,0,0,0,0,1,0,4,0
13,14,3,1,39.0,31.275,2,2,25,0,0,0,6,0,1,4,0
14,15,3,0,14.0,7.8542,2,1,32,0,0,0,0,1,0,4,0
15,16,2,0,55.0,16.0,2,3,29,0,0,1,0,1,0,4,1
16,17,3,1,2.0,29.125,1,0,14,0,0,0,5,0,1,4,0
17,18,2,1,30.0,13.0,2,2,26,0,0,0,0,1,0,4,1
18,19,3,0,31.0,18.0,2,3,52,0,0,0,1,0,2,4,0
19,20,3,0,22.0,7.225,0,3,20,0,0,0,0,1,0,4,1
20,21,2,1,35.0,26.0,2,2,18,0,0,0,0,1,0,4,0
21,22,2,1,34.0,13.0,2,2,19,0,0,0,0,1,0,3,1
22,23,3,0,15.0,8.0292,1,1,23,0,1,0,0,1,0,4,1
23,24,1,1,28.0,35.5,2,2,26,0,0,0,0,1,0,0,1
24,25,3,0,8.0,21.075,2,1,25,0,0,0,4,0,2,4,0
25,26,3,0,38.0,31.3875,2,3,54,0,0,0,6,0,1,4,1
26,27,3,1,26.0,7.225,0,2,21,0,0,0,0,1,0,4,0
27,28,1,1,19.0,263.0,2,2,28,0,0,0,5,0,1,2,0
28,29,3,0,22.0,7.8792,1,1,25,0,0,0,0,1,0,4,1
29,30,3,1,26.0,7.8958,2,2,17,0,0,0,0,1,0,4,0
30,31,1,1,40.0,27.7208,0,4,20,0,0,0,0,1,0,3,0
31,32,1,0,35.0,146.5208,0,3,43,0,0,0,1,0,2,1,1
32,33,3,0,22.0,7.75,1,1,20,0,0,1,0,1,0,4,1
33,34,2,1,66.0,10.5,2,2,19,0,0,0,0,1,0,4,0
34,35,1,1,28.0,82.1708,0,2,21,0,0,0,1,0,2,3,0
35,36,1,1,42.0,52.0,2,2,28,0,0,0,1,0,2,3,0
36,37,3,1,26.0,7.2292,0,2,14,0,0,0,0,1,0,4,1
37,38,3,1,21.0,8.05,2,2,22,0,0,0,0,1,0,4,0
38,39,3,0,18.0,18.0,2,1,30,0,0,0,2,0,2,4,0
39,40,3,0,14.0,11.2417,0,1,23,0,0,0,1,0,2,4,1
40,41,3,0,40.0,9.475,2,3,43,0,0,0,1,0,2,4,0
41,42,2,0,27.0,21.0,2,3,53,0,0,0,1,0,2,4,0
42,43,3,1,26.0,7.8958,0,2,17,0,0,0,0,1,0,4,0
43,44,2,0,3.0,41.5792,0,1,36,0,0,0,3,0,2,4,1
44,45,3,0,19.0,7.8792,1,1,25,0,0,0,0,1,0,4,1
45,46,3,1,26.0,8.05,2,2,22,0,0,0,0,1,0,4,0
46,47,3,1,26.0,15.5,1,2,15,0,0,0,1,0,2,4,0
47,48,3,0,22.0,7.75,1,1,21,0,0,0,0,1,0,4,1
48,49,3,1,26.0,21.6792,0,2,17,0,0,0,2,0,2,4,0
49,50,3,0,18.0,17.8,2,3,42,0,0,0,1,0,2,4,0
50,51,3,1,7.0,39.6875,2,0,20,0,0,0,5,0,1,4,0
51,52,3,1,21.0,7.8,2,2,26,0,0,0,0,1,0,4,0
52,53,1,0,49.0,76.7292,0,3,37,0,0,0,1,0,2,3,1
53,54,2,0,29.0,26.0,2,3,47,1,0,0,1,0,2,4,1
54,55,1,1,65.0,61.9792,0,2,28,0,0,0,1,0,2,1,0
55,56,1,1,42.0,35.5,2,2,15,0,0,0,0,1,0,2,1
56,57,2,0,21.0,10.5,2,1,13,0,0,0,0,1,0,4,1
57,58,3,1,28.5,7.2292,0,2,17,0,0,0,0,1,0,4,0
58,59,2,0,5.0,27.75,2,1,24,0,0,0,3,0,2,4,1
59,60,3,1,11.0,46.9,2,0,28,0,0,0,7,0,1,4,0
60,61,3,1,22.0,7.2292,0,2,19,0,0,0,0,1,0,4,0
61,62,1,0,38.0,80.0,0,1,15,0,0,0,0,1,0,1,1
62,63,1,1,45.0,83.475,2,2,25,0,0,0,1,0,2,2,0
63,64,3,1,4.0,27.9,2,0,15,0,0,0,5,0,1,4,0
64,65,1,1,42.0,27.7208,0,2,19,0,0,0,0,1,0,3,0
65,66,3,1,26.0,15.2458,0,0,18,0,0,0,2,0,2,4,1
66,67,2,0,29.0,10.5,2,3,25,1,0,0,0,1,0,5,1
67,68,3,1,19.0,8.1583,2,2,22,0,0,0,0,1,0,4,0
68,69,3,0,17.0,7.925,2,1,27,0,0,0,6,0,1,4,1
69,70,3,1,26.0,8.6625,2,2,15,0,0,0,2,0,2,4,0
70,71,2,1,32.0,10.5,2,2,24,0,0,0,0,1,0,4,0
71,72,3,0,16.0,46.9,2,1,22,0,0,0,7,0,1,4,0
72,73,2,1,21.0,73.5,2,2,18,0,0,0,0,1,0,4,0
73,74,3,1,26.0,14.4542,0,2,25,0,0,0,1,0,2,4,0
74,75,3,1,32.0,56.4958,2,2,11,0,0,0,0,1,0,4,1
75,76,3,1,25.0,7.65,2,2,21,0,0,0,0,1,0,5,0
76,77,3,1,26.0,7.8958,2,2,15,0,0,0,0,1,0,4,0
77,78,3,1,26.0,8.05,2,2,22,0,0,0,0,1,0,4,0
78,79,2,1,0.83,29.0,2,0,23,0,0,0,2,0,2,4,1
79,80,3,0,30.0,12.475,2,1,20,1,0,0,0,1,0,4,1
80,81,3,1,22.0,9.0,2,2,18,0,0,0,0,1,0,4,0
81,82,3,1,29.0,9.5,2,2,25,0,0,0,0,1,0,4,1
82,83,3,0,22.0,7.7875,1,1,26,0,0,0,0,1,0,4,1
83,84,1,1,28.0,47.1,2,2,21,0,0,0,0,1,0,3,0
84,85,2,0,17.0,10.5,2,1,15,0,0,0,0,1,0,4,1
85,86,3,0,33.0,15.85,2,3,52,0,0,0,3,0,2,4,1
86,87,3,1,16.0,34.375,2,2,20,0,0,0,4,0,2,4,0
87,88,3,1,26.0,8.05,2,2,27,0,0,0,0,1,0,4,0
88,89,1,0,23.0,263.0,2,1,22,0,0,0,5,0,1,2,1
89,90,3,1,24.0,8.05,2,2,20,0,0,0,0,1,0,4,0
90,91,3,1,29.0,8.05,2,2,18,0,0,0,0,1,0,4,0
91,92,3,1,20.0,7.8542,2,2,24,0,0,0,0,1,0,4,0
92,93,1,1,46.0,61.175,2,2,25,0,0,0,1,0,2,4,0
93,94,3,1,26.0,20.575,2,2,21,0,0,0,3,0,2,4,0
94,95,3,1,59.0,7.25,2,2,15,0,0,0,0,1,0,4,0
95,96,3,1,26.0,8.05,2,2,25,0,0,0,0,1,0,4,0
96,97,1,1,71.0,34.6542,0,2,23,0,0,0,0,1,0,0,0
97,98,1,1,23.0,63.3583,0,2,29,0,0,0,1,0,2,3,1
98,99,2,0,34.0,23.0,2,3,33,0,0,0,1,0,2,4,1
99,100,2,1,34.0,26.0,2,2,15,0,0,0,1,0,2,4,0
100,101,3,0,28.0,7.8958,2,1,19,0,0,0,0,1,0,4,0
101,102,3,1,26.0,7.8958,2,2,30,0,0,0,0,1,0,4,0
102,103,1,1,21.0,77.2875,2,2,23,0,0,0,1,0,2,3,0
103,104,3,1,33.0,8.6542,2,2,24,0,0,0,0,1,0,4,0
104,105,3,1,37.0,7.925,2,2,28,0,0,0,2,0,2,4,0
105,106,3,1,28.0,7.8958,2,2,19,0,0,0,0,1,0,4,0
106,107,3,0,21.0,7.65,2,1,28,0,1,0,0,1,0,4,1
107,108,3,1,26.0,7.775,2,2,20,0,0,0,0,1,0,4,1
108,109,3,1,38.0,7.8958,2,2,13,0,0,0,0,1,0,4,0
109,110,3,0,22.0,24.15,1,1,15,0,0,0,1,0,2,4,1
110,111,1,1,47.0,52.0,2,2,28,0,0,0,0,1,0,2,0
111,112,3,0,14.5,14.4542,0,1,16,0,0,0,1,0,2,4,0
112,113,3,1,22.0,8.05,2,2,20,0,0,0,0,1,0,4,0
113,114,3,0,20.0,9.825,2,1,19,0,0,0,1,0,2,4,0
114,115,3,0,17.0,14.4583,0,1,17,0,0,0,0,1,0,4,0
115,116,3,1,21.0,7.925,2,2,19,0,0,0,0,1,0,4,0
116,117,3,1,70.5,7.75,1,2,18,0,0,0,0,1,0,4,0
117,118,2,1,29.0,21.0,2,2,29,0,0,0,1,0,2,4,0
118,119,1,1,24.0,247.5208,0,2,22,0,0,0,1,0,2,1,0
119,120,3,0,2.0,31.275,2,1,29,0,0,0,6,0,1,4,0
120,121,2,1,21.0,73.5,2,2,25,0,0,0,2,0,2,4,0
121,122,3,1,26.0,8.05,2,2,24,0,0,0,0,1,0,4,0
122,123,2,1,32.5,30.0708,0,2,18,0,0,0,1,0,2,4,0
123,124,2,0,32.5,13.0,2,1,15,0,0,0,0,1,0,4,1
124,125,1,1,54.0,77.2875,2,2,25,0,0,0,1,0,2,3,0
125,126,3,1,12.0,11.2417,0,0,22,0,0,0,1,0,2,4,1
126,127,3,1,26.0,7.75,1,2,17,0,0,0,0,1,0,4,0
127,128,3,1,24.0,7.1417,2,2,23,0,0,0,0,1,0,4,1
128,129,3,0,22.0,22.3583,0,1,13,0,1,0,2,0,2,5,1
129,130,3,1,45.0,6.975,2,2,16,0,0,0,0,1,0,4,0
130,131,3,1,33.0,7.8958,0,2,18,0,0,0,0,1,0,4,0
131,132,3,1,20.0,7.05,2,2,28,0,0,0,0,1,0,4,0
132,133,3,0,47.0,14.5,2,3,43,0,0,0,1,0,2,4,0
133,134,2,0,29.0,26.0,2,3,42,0,0,0,1,0,2,4,1
134,135,2,1,25.0,13.0,2,2,28,0,0,0,0,1,0,4,0
135,136,2,1,23.0,15.0458,0,2,16,0,0,0,0,1,0,4,0
136,137,1,0,19.0,26.2833,2,1,24,0,0,0,2,0,2,3,1
137,138,1,1,37.0,53.1,2,2,25,0,0,0,1,0,2,2,0
138,139,3,1,16.0,9.2167,2,2,17,0,0,0,0,1,0,4,0
139,140,1,1,24.0,79.2,0,2,16,0,0,0,0,1,0,1,0
140,141,3,0,22.0,15.2458,0,3,26,0,0,0,2,0,2,4,0
141,142,3,0,22.0,7.75,2,1,20,0,1,0,0,1,0,4,1
142,143,3,0,24.0,15.85,2,3,49,0,0,0,1,0,2,4,1
143,144,3,1,19.0,6.75,1,2,17,0,0,0,0,1,0,4,0
144,145,2,1,18.0,11.5,2,2,24,0,0,0,0,1,0,4,0
145,146,2,1,19.0,36.75,2,2,26,0,0,0,2,0,2,4,0
146,147,3,1,27.0,7.7958,2,2,42,0,0,0,0,1,0,4,1
147,148,3,0,9.0,34.375,2,1,28,0,0,0,4,0,2,4,0
148,149,2,1,36.5,26.0,2,2,38,0,0,0,2,0,2,5,0
149,150,2,1,42.0,13.0,2,4,29,0,0,0,0,1,0,4,0
150,151,2,1,51.0,12.525,2,4,22,0,0,0,0,1,0,4,0
151,152,1,0,22.0,66.6,2,3,30,0,0,0,1,0,2,2,1
152,153,3,1,55.5,8.05,2,2,14,0,0,0,0,1,0,4,0
153,154,3,1,40.5,14.5,2,2,29,0,0,0,2,0,2,4,0
154,155,3,1,26.0,7.3125,2,2,19,0,0,0,0,1,0,4,0
155,156,1,1,51.0,61.3792,0,2,25,0,0,0,1,0,2,3,0
156,157,3,0,16.0,7.7333,1,1,28,0,0,0,0,1,0,4,1
157,158,3,1,30.0,8.05,2,2,13,0,0,0,0,1,0,4,0
158,159,3,1,26.0,8.6625,2,2,17,0,0,0,0,1,0,4,0
159,160,3,1,26.0,69.55,2,0,20,0,0,0,10,0,1,4,0
160,161,3,1,44.0,16.1,2,2,22,0,0,0,1,0,2,4,0
161,162,2,0,40.0,15.75,2,3,47,1,0,0,0,1,0,4,1
162,163,3,1,26.0,7.775,2,2,24,0,0,0,0,1,0,4,0
163,164,3,1,17.0,8.6625,2,2,13,0,0,0,0,1,0,4,0
164,165,3,1,1.0,39.6875,2,0,22,0,0,0,5,0,1,4,0
165,166,3,1,9.0,20.525,2,0,41,0,0,0,2,0,2,4,1
166,167,1,0,35.0,55.0,2,3,35,0,0,0,1,0,2,4,1
167,168,3,0,45.0,27.9,2,3,44,0,1,0,5,0,1,4,0
168,169,1,1,42.0,25.925,2,2,17,0,0,0,0,1,0,3,0
169,170,3,1,28.0,56.4958,2,2,11,0,0,0,0,1,0,4,0
170,171,1,1,61.0,33.5,2,2,23,0,0,0,0,1,0,1,0
171,172,3,1,4.0,29.125,1,0,14,0,0,0,5,0,1,4,0
172,173,3,0,1.0,11.1333,2,1,24,0,0,0,2,0,2,4,1
173,174,3,1,21.0,7.925,2,2,23,0,0,0,0,1,0,4,0
174,175,1,1,56.0,30.6958,0,2,21,0,0,0,0,1,0,0,0
175,176,3,1,18.0,7.8542,2,2,20,0,0,0,2,0,2,4,0
176,177,3,1,26.0,25.4667,2,0,23,0,0,0,4,0,2,4,0
177,178,1,0,50.0,28.7125,0,1,22,0,0,0,0,1,0,2,0
178,179,2,1,30.0,13.0,2,2,16,0,0,0,0,1,0,4,0
179,180,3,1,36.0,0.0,2,2,17,0,0,0,0,1,0,4,0
180,181,3,0,22.0,69.55,2,1,24,0,0,0,10,0,1,4,0
181,182,2,1,30.0,15.05,0,2,14,0,0,0,0,1,0,4,0
182,183,3,1,9.0,31.3875,2,0,31,0,0,0,6,0,1,4,0
183,184,2,1,1.0,39.0,2,0,19,0,0,0,3,0,2,5,1
184,185,3,0,4.0,22.025,2,1,31,0,0,0,2,0,2,4,1
185,186,1,1,42.0,50.0,2,2,19,0,0,0,0,1,0,0,0
186,187,3,0,22.0,15.5,1,3,44,0,0,0,1,0,2,4,1
187,188,1,1,45.0,26.55,2,2,43,0,0,0,0,1,0,3,1
188,189,3,1,40.0,15.5,1,2,14,0,0,0,2,0,2,4,0
189,190,3,1,36.0,7.8958,2,2,17,0,0,0,0,1,0,4,0
190,191,2,0,32.0,13.0,2,3,16,0,0,0,0,1,0,4,1
191,192,2,1,19.0,13.0,2,2,19,0,0,0,0,1,0,4,0
192,193,3,0,19.0,7.8542,2,1,43,0,0,0,1,0,2,4,1
193,194,2,1,3.0,26.0,2,0,20,0,0,0,2,0,2,5,1
194,195,1,0,44.0,27.7208,0,3,38,0,0,0,0,1,0,1,1
195,196,1,0,58.0,146.5208,0,1,16,0,0,0,0,1,0,1,1
196,197,3,1,26.0,7.75,1,2,17,0,0,0,0,1,0,4,0
197,198,3,1,42.0,8.4042,2,2,30,0,0,0,1,0,2,4,0
198,199,3,0,22.0,7.75,1,1,28,0,0,0,0,1,0,4,1
199,200,2,0,24.0,13.0,2,1,34,0,0,0,0,1,0,4,0
200,201,3,1,28.0,9.5,2,2,28,0,0,0,0,1,0,4,0
201,202,3,1,26.0,69.55,2,2,17,0,0,0,10,0,1,4,0
202,203,3,1,34.0,6.4958,2,2,24,0,0,0,0,1,0,4,0
203,204,3,1,45.5,7.225,0,2,18,0,0,0,0,1,0,4,0
204,205,3,1,18.0,8.05,2,2,22,0,0,0,0,1,0,4,1
205,206,3,0,2.0,10.4625,2,1,22,0,0,0,1,0,2,6,0
206,207,3,1,32.0,15.85,2,2,24,0,0,0,1,0,2,4,0
207,208,3,1,26.0,18.7875,0,2,25,0,0,0,0,1,0,4,1
208,209,3,0,16.0,7.75,1,1,21,0,0,0,0,1,0,4,1
209,210,1,1,40.0,31.0,0,2,14,0,0,0,0,1,0,0,1
210,211,3,1,24.0,7.05,2,2,12,0,0,0,0,1,0,4,0
211,212,2,0,35.0,21.0,2,1,22,0,0,0,0,1,0,4,1
212,213,3,1,22.0,7.25,2,2,20,0,0,0,0,1,0,4,0
213,214,2,1,30.0,13.0,2,2,25,0,0,0,0,1,0,4,0
214,215,3,1,26.0,7.75,1,2,17,0,0,0,1,0,2,4,0
215,216,1,0,31.0,113.275,0,1,19,0,0,0,1,0,2,3,1
216,217,3,0,27.0,7.925,2,1,18,0,0,0,0,1,0,4,1
217,218,2,1,42.0,27.0,2,2,26,0,0,0,1,0,2,4,0
218,219,1,0,32.0,76.2917,0,1,17,0,0,0,0,1,0,3,1
219,220,2,1,30.0,10.5,2,2,16,0,0,0,0,1,0,4,0
220,221,3,1,16.0,8.05,2,2,28,0,0,0,0,1,0,4,1
221,222,2,1,27.0,13.0,2,2,18,0,0,0,0,1,0,4,0
222,223,3,1,51.0,8.05,2,2,21,0,0,0,0,1,0,4,0
223,224,3,1,26.0,7.8958,2,2,18,0,0,0,0,1,0,4,0
224,225,1,1,38.0,90.0,2,2,26,0,0,0,1,0,2,2,1
225,226,3,1,22.0,9.35,2,2,26,0,0,0,0,1,0,4,0
226,227,2,1,19.0,10.5,2,2,23,0,0,0,0,1,0,4,1
227,228,3,1,20.5,7.25,2,2,29,0,0,0,0,1,0,4,0
228,229,2,1,18.0,13.0,2,2,23,0,0,0,0,1,0,4,0
229,230,3,0,22.0,25.4667,2,1,19,0,0,0,4,0,2,4,0
230,231,1,0,35.0,83.475,2,3,41,0,0,0,1,0,2,2,1
231,232,3,1,29.0,7.775,2,2,22,0,0,0,0,1,0,4,0
232,233,2,1,59.0,13.5,2,2,23,0,0,0,0,1,0,4,0
233,234,3,0,5.0,31.3875,2,1,26,0,0,0,6,0,1,4,1
234,235,2,1,24.0,10.5,2,2,31,0,0,0,0,1,0,4,0
235,236,3,0,22.0,7.55,2,1,24,0,0,0,0,1,0,4,0
236,237,2,1,44.0,26.0,2,2,15,0,0,0,1,0,2,4,0
237,238,2,0,8.0,26.25,2,1,28,0,0,0,2,0,2,4,1
238,239,2,1,19.0,10.5,2,2,29,0,0,0,0,1,0,4,0
239,240,2,1,33.0,12.275,2,2,20,0,0,0,0,1,0,4,0
240,241,3,0,22.0,14.4542,0,1,17,0,0,0,1,0,2,4,0
241,242,3,0,22.0,15.5,1,1,26,0,0,0,1,0,2,4,1
242,243,2,1,29.0,10.5,2,2,29,0,0,0,0,1,0,4,0
243,244,3,1,22.0,7.125,2,2,27,0,0,0,0,1,0,4,0
244,245,3,1,30.0,7.225,0,2,18,0,0,0,0,1,0,4,0
245,246,1,1,44.0,90.0,1,4,23,0,0,0,2,0,2,2,0
246,247,3,0,25.0,7.775,2,1,33,0,0,0,0,1,0,4,0
247,248,2,0,24.0,14.5,2,3,28,0,1,0,2,0,2,4,1
248,249,1,1,37.0,52.5542,2,2,27,0,0,0,2,0,2,3,1
249,250,2,1,54.0,26.0,2,4,25,0,0,0,1,0,2,4,0
250,251,3,1,26.0,7.25,2,2,20,0,0,0,0,1,0,4,0
251,252,3,0,29.0,10.4625,2,3,39,0,0,0,2,0,2,6,0
252,253,1,1,62.0,26.55,2,2,23,0,0,0,0,1,0,2,0
253,254,3,1,30.0,16.1,2,2,22,0,0,0,1,0,2,4,0
254,255,3,0,41.0,20.2125,2,3,37,0,0,0,2,0,2,4,0
255,256,3,0,29.0,15.2458,0,3,36,0,0,0,2,0,2,4,1
256,257,1,0,35.0,79.2,0,3,27,0,0,0,0,1,0,3,1
257,258,1,0,30.0,86.5,2,1,16,0,0,0,0,1,0,1,1
258,259,1,0,35.0,512.3292,0,1,12,0,1,0,0,1,0,3,1
259,260,2,0,50.0,26.0,2,3,24,0,0,0,1,0,2,4,1
260,261,3,1,26.0,7.75,1,2,15,0,0,0,0,1,0,4,0
261,262,3,1,3.0,31.3875,2,0,27,0,0,0,6,0,1,4,1
262,263,1,1,52.0,79.65,2,2,15,0,0,0,2,0,2,4,0
263,264,1,1,40.0,0.0,2,2,19,0,0,0,0,1,0,1,0
264,265,3,0,22.0,7.75,1,1,14,0,0,0,0,1,0,4,0
265,266,2,1,36.0,10.5,2,2,15,0,0,0,0,1,0,4,0
266,267,3,1,16.0,39.6875,2,2,23,0,0,0,5,0,1,4,0
267,268,3,1,25.0,7.775,2,2,22,0,0,0,1,0,2,4,1
268,269,1,0,58.0,153.4625,2,3,42,0,0,0,1,0,2,2,1
269,270,1,0,35.0,135.6333,2,1,18,0,0,0,0,1,0,2,1
270,271,1,1,42.0,31.0,2,2,19,0,0,0,0,1,0,3,0
271,272,3,1,25.0,0.0,2,2,26,0,0,0,0,1,0,4,1
272,273,2,0,41.0,19.5,2,3,38,1,0,0,1,0,2,4,1
273,274,1,1,37.0,29.7,0,2,19,0,0,0,1,0,2,2,0
274,275,3,0,22.0,7.75,1,1,22,0,0,0,0,1,0,4,1
275,276,1,0,63.0,77.9583,2,1,29,0,0,0,1,0,2,3,1
276,277,3,0,45.0,7.75,2,1,29,0,0,0,0,1,0,4,0
277,278,2,1,30.0,0.0,2,2,25,0,0,0,0,1,0,4,0
278,279,3,1,7.0,29.125,1,0,12,0,0,0,5,0,1,4,0
279,280,3,0,35.0,20.25,2,3,29,0,0,0,2,0,2,4,1
280,281,3,1,65.0,7.75,1,2,14,0,0,0,0,1,0,4,0
281,282,3,1,28.0,7.8542,2,2,30,0,0,0,0,1,0,4,0
282,283,3,1,16.0,9.5,2,2,23,0,0,0,0,1,0,4,0
283,284,3,1,19.0,8.05,2,2,24,0,0,0,0,1,0,4,1
284,285,1,1,42.0,26.0,2,2,24,0,0,0,0,1,0,0,0
285,286,3,1,33.0,8.6625,0,2,17,0,0,0,0,1,0,4,0
286,287,3,1,30.0,9.5,2,2,21,0,0,0,0,1,0,4,1
287,288,3,1,22.0,7.8958,2,2,18,0,0,0,0,1,0,4,0
288,289,2,1,42.0,13.0,2,2,18,0,0,0,0,1,0,4,1
289,290,3,0,22.0,7.75,1,1,16,0,0,0,0,1,0,4,1
290,291,1,0,26.0,78.85,2,1,24,0,0,0,0,1,0,3,1
291,292,1,0,19.0,91.0792,0,3,36,0,0,0,1,0,2,1,1
292,293,2,1,36.0,12.875,0,2,20,0,0,0,0,1,0,3,0
293,294,3,0,24.0,8.85,2,1,15,0,0,0,0,1,0,4,0
294,295,3,1,24.0,7.8958,2,2,14,0,0,0,0,1,0,4,0
295,296,1,1,42.0,27.7208,0,2,15,0,0,0,0,1,0,3,0
296,297,3,1,23.5,7.2292,0,2,16,0,0,0,0,1,0,4,0
297,298,1,0,2.0,151.55,2,1,24,0,0,0,3,0,2,2,0
298,299,1,1,42.0,30.5,2,2,19,0,0,0,0,1,0,2,1
299,300,1,0,50.0,247.5208,0,3,44,0,0,0,1,0,2,1,1
300,301,3,0,22.0,7.75,1,1,36,0,1,0,0,1,0,4,1
301,302,3,1,26.0,23.25,1,2,16,0,0,0,2,0,2,4,1
302,303,3,1,19.0,0.0,2,2,29,0,0,0,0,1,0,4,0
303,304,2,0,30.0,12.35,1,1,15,0,0,0,0,1,0,4,1
304,305,3,1,26.0,8.05,2,2,31,0,0,0,0,1,0,4,0
305,306,1,1,0.92,151.55,2,0,24,0,0,0,3,0,2,2,1
306,307,1,0,35.0,110.8833,0,1,19,0,0,0,0,1,0,3,1
307,308,1,0,17.0,108.9,0,3,79,0,0,0,1,0,2,2,1
308,309,2,1,30.0,24.0,0,2,17,0,0,0,1,0,2,4,0
309,310,1,0,30.0,56.9292,0,1,26,0,0,0,0,1,0,4,1
310,311,1,0,24.0,83.1583,0,1,26,0,0,0,0,1,0,2,1
311,312,1,0,18.0,262.375,0,1,22,0,0,0,4,0,2,1,1
312,313,2,0,26.0,26.0,2,3,34,0,1,0,2,0,2,4,0
313,314,3,1,28.0,7.8958,2,2,20,0,0,0,0,1,0,4,0
314,315,2,1,43.0,26.25,2,2,16,0,0,0,2,0,2,4,0
315,316,3,0,26.0,7.8542,2,1,27,0,0,0,0,1,0,4,1
316,317,2,0,24.0,26.0,2,3,32,0,0,0,1,0,2,4,1
317,318,2,1,54.0,14.0,2,4,16,0,0,0,0,1,0,4,0
318,319,1,0,31.0,164.8667,2,1,20,0,0,1,2,0,2,2,1
319,320,1,0,40.0,134.5,0,3,53,0,0,0,2,0,2,4,1
320,321,3,1,22.0,7.25,2,2,16,0,0,0,0,1,0,4,0
321,322,3,1,27.0,7.8958,2,2,14,0,0,0,0,1,0,4,0
322,323,2,0,30.0,12.35,1,1,21,0,0,0,0,1,0,4,1
323,324,2,0,22.0,29.0,2,3,48,0,0,0,2,0,2,4,1
324,325,3,1,26.0,69.55,2,2,22,0,0,0,10,0,1,4,0
325,326,1,0,36.0,135.6333,0,1,20,0,0,0,0,1,0,2,1
326,327,3,1,61.0,6.2375,2,2,23,0,0,0,0,1,0,4,0
327,328,2,0,36.0,13.0,2,3,20,0,0,0,0,1,0,3,1
328,329,3,0,31.0,20.525,2,3,43,0,0,0,2,0,2,4,1
329,330,1,0,16.0,57.9792,0,1,24,0,0,0,1,0,2,1,1
330,331,3,0,22.0,23.25,1,1,14,0,0,0,2,0,2,4,1
331,332,1,1,45.5,28.5,2,2,17,0,0,0,0,1,0,2,0
332,333,1,1,38.0,153.4625,2,2,23,0,0,0,1,0,2,2,0
333,334,3,1,16.0,18.0,2,2,29,0,0,0,2,0,2,4,0
334,335,1,0,35.0,133.65,2,3,47,0,0,0,1,0,2,3,1
335,336,3,1,26.0,7.8958,2,2,16,0,0,0,0,1,0,4,0
336,337,1,1,29.0,66.6,2,2,23,0,0,0,1,0,2,2,0
337,338,1,0,41.0,134.5,0,1,27,1,0,0,0,1,0,4,1
338,339,3,1,45.0,8.05,2,2,19,0,0,0,0,1,0,4,1
339,340,1,1,45.0,35.5,2,2,26,0,0,0,0,1,0,7,0
340,341,2,1,2.0,26.0,2,0,24,0,0,0,2,0,2,5,1
341,342,1,0,24.0,263.0,2,1,26,0,0,0,5,0,1,2,1
342,343,2,1,28.0,13.0,2,2,24,0,0,0,0,1,0,4,0
343,344,2,1,25.0,13.0,2,2,40,0,0,0,0,1,0,4,0
344,345,2,1,36.0,13.0,2,2,21,0,0,0,0,1,0,4,0
345,346,2,0,24.0,13.0,2,1,25,0,0,0,0,1,0,5,1
346,347,2,0,40.0,13.0,2,1,21,0,0,0,0,1,0,4,1
347,348,3,0,22.0,16.1,2,3,38,0,0,1,1,0,2,4,1
348,349,3,1,3.0,15.9,2,0,32,0,0,0,2,0,2,4,1
349,350,3,1,42.0,8.6625,2,2,14,0,0,0,0,1,0,4,0
350,351,3,1,23.0,9.225,2,2,20,0,0,0,0,1,0,4,0
351,352,1,1,42.0,35.0,2,2,36,0,0,0,0,1,0,2,0
352,353,3,1,15.0,7.2292,0,2,16,0,0,0,2,0,2,4,0
353,354,3,1,25.0,17.8,2,2,23,0,0,0,1,0,2,4,0
354,355,3,1,26.0,7.225,0,2,15,0,0,0,0,1,0,4,0
355,356,3,1,28.0,9.5,2,2,25,0,0,0,0,1,0,4,0
356,357,1,0,22.0,55.0,2,1,23,0,0,0,1,0,2,4,1
357,358,2,0,38.0,13.0,2,1,21,0,0,0,0,1,0,4,0
358,359,3,0,22.0,7.8792,1,1,16,0,0,1,0,1,0,4,1
359,360,3,0,22.0,7.8792,1,1,29,0,0,0,0,1,0,4,1
360,361,3,1,40.0,27.9,2,2,16,0,0,0,5,0,1,4,0
361,362,2,1,29.0,27.7208,0,2,23,0,0,0,1,0,2,4,0
362,363,3,0,45.0,14.4542,0,3,28,0,0,0,1,0,2,4,0
363,364,3,1,35.0,7.05,2,2,13,0,0,0,0,1,0,4,0
364,365,3,1,26.0,15.5,1,2,17,0,0,0,1,0,2,4,0
365,366,3,1,30.0,7.25,2,2,28,0,0,0,0,1,0,4,0
366,367,1,0,60.0,75.25,0,3,45,0,1,0,1,0,2,3,1
367,368,3,0,22.0,7.2292,0,3,27,0,0,0,0,1,0,4,1
368,369,3,0,22.0,7.75,1,1,15,0,0,0,0,1,0,4,1
369,370,1,0,24.0,69.3,0,3,26,0,0,0,0,1,0,1,1
370,371,1,1,25.0,55.4417,0,2,25,0,0,0,1,0,2,4,1
371,372,3,1,18.0,6.4958,2,2,23,0,0,0,1,0,2,4,0
372,373,3,1,19.0,8.05,2,2,24,0,0,0,0,1,0,4,0
373,374,1,1,22.0,135.6333,0,2,17,0,0,0,0,1,0,3,0
374,375,3,0,3.0,21.075,2,1,22,0,0,0,4,0,2,4,0
375,376,1,0,35.0,82.1708,0,3,34,0,0,0,1,0,2,3,1
376,377,3,0,22.0,7.25,2,1,27,0,0,0,0,1,0,4,1
377,378,1,1,27.0,211.5,0,2,23,0,0,0,2,0,2,2,0
378,379,3,1,20.0,4.0125,0,2,17,0,0,0,0,1,0,4,0
379,380,3,1,19.0,7.775,2,2,25,0,0,0,0,1,0,4,0
380,381,1,0,42.0,227.525,0,1,17,0,0,0,0,1,0,3,1
381,382,3,0,1.0,15.7417,0,1,23,0,0,0,2,0,2,4,1
382,383,3,1,32.0,7.925,2,2,16,0,0,0,0,1,0,4,0
383,384,1,0,35.0,52.0,2,3,48,0,0,1,1,0,2,3,1
384,385,3,1,26.0,7.8958,2,2,20,0,0,0,0,1,0,4,0
385,386,2,1,18.0,73.5,2,2,23,0,0,0,0,1,0,4,0
386,387,3,1,1.0,46.9,2,0,25,0,0,0,7,0,1,4,0
387,388,2,0,36.0,13.0,2,1,12,0,0,0,0,1,0,4,1
388,389,3,1,26.0,7.7292,1,2,18,0,0,0,0,1,0,4,0
389,390,2,0,17.0,12.0,0,1,17,0,0,0,0,1,0,4,1
390,391,1,1,36.0,120.0,2,2,24,0,0,0,3,0,2,1,1
391,392,3,1,21.0,7.7958,2,2,20,0,0,0,0,1,0,4,1
392,393,3,1,28.0,7.925,2,2,26,0,0,0,2,0,2,4,0
393,394,1,0,23.0,113.275,0,1,18,0,0,0,1,0,2,3,1
394,395,3,0,24.0,16.7,2,3,48,0,0,0,2,0,2,6,1
395,396,3,1,22.0,7.7958,2,2,17,0,0,0,0,1,0,4,0
396,397,3,0,31.0,7.8542,2,1,15,0,0,0,0,1,0,4,0
397,398,2,1,46.0,26.0,2,2,21,0,0,0,0,1,0,4,0
398,399,2,1,23.0,10.5,2,4,12,0,0,0,0,1,0,4,0
399,400,2,0,28.0,12.65,2,3,29,0,0,0,0,1,0,4,1
400,401,3,1,39.0,7.925,2,2,16,0,0,0,0,1,0,4,1
401,402,3,1,26.0,8.05,2,2,13,0,0,0,0,1,0,4,0
402,403,3,0,21.0,9.825,2,1,20,0,0,0,1,0,2,4,0
403,404,3,1,28.0,15.85,2,2,28,0,0,0,1,0,2,4,0
404,405,3,0,20.0,8.6625,2,1,19,0,0,0,0,1,0,4,0
405,406,2,1,34.0,21.0,2,2,16,0,0,0,1,0,2,4,0
406,407,3,1,51.0,7.75,2,2,30,0,0,0,0,1,0,4,0
407,408,2,1,3.0,18.75,2,0,24,0,0,0,2,0,2,4,1
408,409,3,1,21.0,7.775,2,2,31,0,0,0,0,1,0,4,0
409,410,3,0,22.0,25.4667,2,1,14,0,0,0,4,0,2,4,0
410,411,3,1,26.0,7.8958,2,2,16,0,0,0,0,1,0,4,0
411,412,3,1,26.0,6.8583,1,2,13,0,0,0,0,1,0,4,0
412,413,1,0,33.0,90.0,1,1,18,0,0,0,1,0,2,2,1
413,414,2,1,30.0,0.0,2,2,28,0,0,0,0,1,0,4,0
414,415,3,1,44.0,7.925,2,2,23,0,0,0,0,1,0,4,1
415,416,3,0,22.0,8.05,2,3,36,0,0,0,0,1,0,4,0
416,417,2,0,34.0,32.5,2,3,44,0,0,0,2,0,2,4,1
417,418,2,0,18.0,13.0,2,1,25,0,0,0,2,0,2,4,1
418,419,2,1,30.0,13.0,2,2,24,0,0,0,0,1,0,4,0
419,420,3,0,10.0,24.15,2,1,21,0,0,0,2,0,2,4,0
420,421,3,1,26.0,7.8958,0,2,20,0,0,0,0,1,0,4,0
421,422,3,1,21.0,7.7333,1,2,17,0,0,0,0,1,0,4,0
422,423,3,1,29.0,7.875,2,2,16,0,0,0,0,1,0,4,0
423,424,3,0,28.0,14.4,2,3,51,0,1,0,2,0,2,4,0
424,425,3,1,18.0,20.2125,2,2,25,0,0,0,2,0,2,4,0
425,426,3,1,26.0,7.25,2,2,20,0,0,0,0,1,0,4,0
426,427,2,0,28.0,26.0,2,3,40,0,0,0,1,0,2,4,1
427,428,2,0,19.0,26.0,2,1,63,0,0,0,0,1,0,4,1
428,429,3,1,26.0,7.75,1,2,14,0,0,0,0,1,0,4,0
429,430,3,1,32.0,8.05,2,2,32,0,0,0,0,1,0,4,1
430,431,1,1,28.0,26.55,2,2,39,0,0,0,0,1,0,2,1
431,432,3,0,22.0,16.1,2,3,46,0,0,0,1,0,2,4,1
432,433,2,0,42.0,26.0,2,3,48,0,0,0,1,0,2,4,1
433,434,3,1,17.0,7.125,2,2,24,0,0,0,0,1,0,4,0
434,435,1,1,50.0,55.9,2,2,23,0,0,0,1,0,2,4,0
435,436,1,0,14.0,120.0,2,1,21,0,0,0,3,0,2,1,1
436,437,3,0,21.0,34.375,2,1,32,0,0,0,4,0,2,4,0
437,438,2,0,24.0,18.75,2,3,34,0,0,0,5,0,1,4,1
438,439,1,1,64.0,263.0,2,2,15,0,0,0,5,0,1,2,0
439,440,2,1,31.0,10.5,2,2,36,0,0,0,0,1,0,4,0
440,441,2,0,45.0,26.25,2,3,40,0,0,0,2,0,2,4,1
441,442,3,1,20.0,9.5,2,2,13,0,0,0,0,1,0,4,0
442,443,3,1,25.0,7.775,2,2,23,0,0,0,1,0,2,4,0
443,444,2,0,28.0,13.0,2,1,21,0,0,0,0,1,0,4,1
444,445,3,1,26.0,8.1125,2,2,31,0,0,0,0,1,0,4,1
445,446,1,1,4.0,81.8583,2,0,19,0,0,0,2,0,2,0,1
446,447,2,0,13.0,19.5,2,1,29,0,0,0,1,0,2,4,1
447,448,1,1,34.0,26.55,2,2,25,0,0,0,0,1,0,3,1
448,449,3,0,5.0,19.2583,0,1,26,0,0,0,3,0,2,4,1
449,450,1,1,52.0,30.5,2,4,26,0,0,0,0,1,0,2,1
450,451,2,1,36.0,27.75,2,2,19,0,0,0,3,0,2,4,0
451,452,3,1,26.0,19.9667,2,2,29,0,0,0,1,0,2,4,0
452,453,1,1,30.0,27.75,0,2,29,0,0,0,0,1,0,2,0
453,454,1,1,49.0,89.1042,0,2,22,0,0,0,1,0,2,2,1
454,455,3,1,26.0,8.05,2,2,17,0,0,0,0,1,0,4,0
455,456,3,1,29.0,7.8958,0,2,16,0,0,0,0,1,0,4,1
456,457,1,1,65.0,26.55,2,2,23,0,0,0,0,1,0,4,0
457,458,1,0,35.0,51.8625,2,3,30,0,0,0,1,0,2,3,1
458,459,2,0,50.0,10.5,2,1,15,0,0,0,0,1,0,4,1
459,460,3,1,26.0,7.75,1,2,19,0,0,0,0,1,0,4,0
460,461,1,1,48.0,26.55,2,2,17,0,0,0,0,1,0,4,1
461,462,3,1,34.0,8.05,2,2,17,0,0,0,0,1,0,4,0
462,463,1,1,47.0,38.5,2,2,15,0,0,0,0,1,0,4,0
463,464,2,1,48.0,13.0,2,2,26,0,0,0,0,1,0,4,0
464,465,3,1,26.0,8.05,2,2,16,0,0,0,0,1,0,4,0
465,466,3,1,38.0,7.05,2,2,29,0,0,0,0,1,0,4,0
466,467,2,1,30.0,0.0,2,2,19,0,0,0,0,1,0,4,0
467,468,1,1,56.0,26.55,2,2,24,0,0,0,0,1,0,3,0
468,469,3,1,26.0,7.725,1,2,16,0,0,0,0,1,0,4,0
469,470,3,0,0.75,19.2583,0,1,25,0,0,0,3,0,2,4,1
470,471,3,1,26.0,7.25,2,2,15,0,0,0,0,1,0,4,0
471,472,3,1,38.0,8.6625,2,2,13,0,0,0,0,1,0,4,0
472,473,2,0,33.0,27.75,2,3,36,0,0,0,3,0,2,4,1
473,474,2,0,23.0,13.7917,0,3,41,0,0,0,0,1,0,3,1
474,475,3,0,22.0,9.8375,2,1,23,0,0,0,0,1,0,4,0
475,476,1,1,42.0,52.0,2,2,25,0,0,0,0,1,0,0,0
476,477,2,1,34.0,21.0,2,2,21,0,0,0,1,0,2,4,0
477,478,3,1,29.0,7.0458,2,2,23,0,0,0,1,0,2,4,0
478,479,3,1,22.0,7.5208,2,2,23,0,0,0,0,1,0,4,0
479,480,3,0,2.0,12.2875,2,1,20,0,0,0,1,0,2,4,1
480,481,3,1,9.0,46.9,2,0,24,0,0,0,7,0,1,4,0
481,482,2,1,30.0,0.0,2,2,30,0,0,0,0,1,0,4,0
482,483,3,1,50.0,8.05,2,2,22,0,0,0,0,1,0,4,0
483,484,3,0,63.0,9.5875,2,3,19,0,0,0,0,1,0,4,1
484,485,1,1,25.0,91.0792,0,2,21,0,0,0,1,0,2,1,1
485,486,3,0,22.0,25.4667,2,1,18,0,0,0,4,0,2,4,0
486,487,1,0,35.0,90.0,2,3,44,0,0,0,1,0,2,2,1
487,488,1,1,58.0,29.7,0,2,21,0,0,0,0,1,0,1,0
488,489,3,1,30.0,8.05,2,2,27,0,0,0,0,1,0,4,0
489,490,3,1,9.0,15.9,2,0,31,0,0,0,2,0,2,4,1
490,491,3,1,26.0,19.9667,2,2,34,0,0,0,1,0,2,4,0
491,492,3,1,21.0,7.25,2,2,17,0,0,0,0,1,0,4,0
492,493,1,1,55.0,30.5,2,2,24,0,0,0,0,1,0,2,0
493,494,1,1,71.0,49.5042,0,2,21,0,0,0,0,1,0,3,0
494,495,3,1,21.0,8.05,2,2,24,0,0,0,0,1,0,4,0
495,496,3,1,26.0,14.4583,0,2,19,0,0,0,0,1,0,4,0
496,497,1,0,54.0,78.2667,0,1,26,1,0,0,1,0,2,3,1
497,498,3,1,26.0,15.1,2,2,29,0,0,0,0,1,0,4,0
498,499,1,0,25.0,151.55,2,3,44,0,0,0,3,0,2,2,0
499,500,3,1,24.0,7.7958,2,2,16,0,0,0,0,1,0,4,0
500,501,3,1,17.0,8.6625,2,2,14,0,0,0,0,1,0,4,0
501,502,3,0,21.0,7.75,1,1,15,0,0,1,0,1,0,4,0
502,503,3,0,22.0,7.6292,1,1,26,0,0,0,0,1,0,4,0
503,504,3,0,37.0,9.5875,2,1,26,0,0,0,0,1,0,4,0
504,505,1,0,16.0,86.5,2,1,17,0,0,0,0,1,0,1,1
505,506,1,1,18.0,108.9,0,2,40,0,0,0,1,0,2,2,0
506,507,2,0,33.0,26.0,2,3,42,0,0,0,2,0,2,4,1
507,508,1,1,42.0,26.55,2,2,43,0,0,0,0,1,0,3,1
508,509,3,1,28.0,22.525,2,2,22,0,0,0,0,1,0,4,0
509,510,3,1,26.0,56.4958,2,2,12,0,0,0,0,1,0,4,1
510,511,3,1,29.0,7.75,1,2,22,0,0,0,0,1,0,4,1
511,512,3,1,26.0,8.05,2,2,15,0,0,0,0,1,0,4,0
512,513,1,1,36.0,26.2875,2,2,23,0,0,0,0,1,0,4,1
513,514,1,0,54.0,59.4,0,3,43,1,0,0,1,0,2,3,1
514,515,3,1,24.0,7.4958,2,2,15,0,0,0,0,1,0,4,0
515,516,1,1,47.0,34.0208,2,2,26,0,0,0,0,1,0,3,0
516,517,2,0,34.0,10.5,2,3,25,0,0,0,0,1,0,5,1
517,518,3,1,26.0,24.15,1,2,15,0,0,0,0,1,0,4,0
518,519,2,0,36.0,26.0,2,3,49,0,0,0,1,0,2,4,1
519,520,3,1,32.0,7.8958,2,2,17,0,0,0,0,1,0,4,0
520,521,1,0,30.0,93.5,2,1,17,0,0,0,0,1,0,1,1
521,522,3,1,22.0,7.8958,2,2,13,0,0,0,0,1,0,4,0
522,523,3,1,26.0,7.225,0,2,16,0,0,0,0,1,0,4,0
523,524,1,0,44.0,57.9792,0,3,44,0,0,0,1,0,2,1,1
524,525,3,1,26.0,7.2292,0,2,15,0,0,0,0,1,0,4,0
525,526,3,1,40.5,7.75,1,2,16,0,0,0,0,1,0,4,0
526,527,2,0,50.0,10.5,2,1,16,0,0,0,0,1,0,4,1
527,528,1,1,42.0,221.7792,2,2,16,0,0,0,0,1,0,2,0
528,529,3,1,39.0,7.925,2,2,23,0,0,0,0,1,0,4,0
529,530,2,1,23.0,11.5,2,2,25,0,0,0,3,0,2,4,0
530,531,2,0,2.0,26.0,2,1,20,0,0,0,2,0,2,4,1
531,532,3,1,26.0,7.2292,0,2,15,0,0,0,0,1,0,4,0
532,533,3,1,17.0,7.2292,0,2,18,0,0,0,2,0,2,4,0
533,534,3,0,22.0,22.3583,0,3,35,0,0,0,2,0,2,4,1
534,535,3,0,30.0,8.6625,2,1,15,0,0,0,0,1,0,4,0
535,536,2,0,7.0,26.25,2,1,18,0,0,0,2,0,2,4,1
536,537,1,1,45.0,26.55,2,4,29,0,0,0,0,1,0,1,0
537,538,1,0,30.0,106.425,0,1,15,0,0,0,0,1,0,3,1
538,539,3,1,26.0,14.5,2,2,22,0,0,0,0,1,0,4,0
539,540,1,0,22.0,49.5,0,1,30,0,0,0,2,0,2,1,1
540,541,1,0,36.0,71.0,2,1,19,0,0,0,2,0,2,1,1
541,542,3,0,9.0,31.275,2,1,32,0,0,0,6,0,1,4,0
542,543,3,0,11.0,31.275,2,1,29,0,0,0,6,0,1,4,0
543,544,2,1,32.0,26.0,2,2,15,0,0,0,1,0,2,4,1
544,545,1,1,50.0,106.425,0,2,24,0,0,0,1,0,2,2,0
545,546,1,1,64.0,26.0,2,2,26,0,0,0,0,1,0,3,0
546,547,2,0,19.0,26.0,2,3,30,0,0,0,1,0,2,4,1
547,548,2,1,30.0,13.8625,0,2,24,0,0,0,0,1,0,4,1
548,549,3,1,33.0,20.525,2,2,23,0,0,0,2,0,2,4,0
549,550,2,1,8.0,36.75,2,0,24,0,0,0,2,0,2,4,1
550,551,1,1,17.0,110.8833,0,2,25,0,0,0,2,0,2,2,1
551,552,2,1,27.0,26.0,2,2,25,0,0,0,0,1,0,4,0
552,553,3,1,26.0,7.8292,1,2,18,0,0,0,0,1,0,4,0
553,554,3,1,22.0,7.225,0,2,31,0,0,0,0,1,0,4,1
554,555,3,0,22.0,7.775,2,1,14,0,0,0,0,1,0,4,1
555,556,1,1,62.0,26.55,2,2,16,0,0,0,0,1,0,3,0
556,557,1,0,48.0,39.6,0,4,61,0,0,0,1,0,2,0,1
557,558,1,1,42.0,227.525,0,2,17,0,0,0,0,1,0,3,0
558,559,1,0,39.0,79.65,2,3,35,0,0,0,2,0,2,4,1
559,560,3,0,36.0,17.4,2,3,41,0,0,0,1,0,2,4,1
560,561,3,1,26.0,7.75,1,2,22,0,0,0,0,1,0,4,0
561,562,3,1,40.0,7.8958,2,2,15,0,0,0,0,1,0,4,0
562,563,2,1,28.0,13.5,2,2,24,0,0,0,0,1,0,4,0
563,564,3,1,26.0,8.05,2,2,15,0,0,0,0,1,0,4,0
564,565,3,0,22.0,8.05,2,1,26,0,0,0,0,1,0,4,0
565,566,3,1,24.0,24.15,2,2,18,0,0,0,2,0,2,4,0
566,567,3,1,19.0,7.8958,2,2,18,0,0,0,0,1,0,4,0
567,568,3,0,29.0,21.075,2,3,40,0,0,0,4,0,2,4,0
568,569,3,1,26.0,7.2292,0,2,17,0,0,0,0,1,0,4,0
569,570,3,1,32.0,7.8542,2,2,15,0,0,0,0,1,0,4,1
570,571,2,1,62.0,10.5,2,2,16,0,0,0,0,1,0,4,1
571,572,1,0,53.0,51.4792,2,3,42,0,0,0,2,0,2,2,1
572,573,1,1,36.0,26.3875,2,2,30,0,0,0,0,1,0,4,1
573,574,3,0,22.0,7.75,1,1,13,0,0,1,0,1,0,4,1
574,575,3,1,16.0,8.05,2,2,26,0,0,0,0,1,0,4,0
575,576,3,1,19.0,14.5,2,2,18,0,0,0,0,1,0,4,0
576,577,2,0,34.0,13.0,2,1,16,0,0,0,0,1,0,4,1
577,578,1,0,39.0,55.9,2,3,38,0,0,0,1,0,2,4,1
578,579,3,0,22.0,14.4583,0,3,29,0,0,0,1,0,2,4,0
579,580,3,1,32.0,7.925,2,2,17,0,0,0,0,1,0,4,1
580,581,2,0,25.0,30.0,2,1,23,0,0,0,2,0,2,4,1
581,582,1,0,39.0,110.8833,0,3,49,0,0,0,2,0,2,2,1
582,583,2,1,54.0,26.0,2,2,24,0,0,0,0,1,0,4,0
583,584,1,1,36.0,40.125,0,2,17,0,0,0,0,1,0,0,0
584,585,3,1,26.0,8.7125,0,2,17,0,0,0,0,1,0,4,0
585,586,1,0,18.0,79.65,2,1,15,0,0,0,2,0,2,4,1
586,587,2,1,47.0,15.0,2,2,21,0,0,0,0,1,0,4,0
587,588,1,1,60.0,79.2,0,2,30,0,0,0,2,0,2,1,1
588,589,3,1,22.0,8.05,2,2,19,0,0,0,0,1,0,4,0
589,590,3,1,26.0,8.05,2,2,17,0,0,0,0,1,0,4,0
590,591,3,1,35.0,7.125,2,2,18,0,0,0,0,1,0,4,0
591,592,1,0,52.0,78.2667,0,3,44,0,0,0,1,0,2,3,1
592,593,3,1,47.0,7.25,2,2,24,0,0,0,0,1,0,4,0
593,594,3,0,22.0,7.75,1,1,14,0,0,1,2,0,2,4,0
594,595,2,1,37.0,26.0,2,2,21,0,0,0,1,0,2,4,0
595,596,3,1,36.0,24.15,2,2,25,0,0,0,2,0,2,4,0
596,597,2,0,30.0,33.0,2,1,22,0,0,0,0,1,0,4,1
597,598,3,1,49.0,0.0,2,2,17,0,0,0,0,1,0,4,0
598,599,3,1,26.0,7.225,0,2,15,0,0,0,0,1,0,4,0
599,600,1,1,49.0,56.9292,0,4,40,0,0,0,1,0,2,0,1
600,601,2,0,24.0,27.0,2,3,48,0,0,0,3,0,2,4,1
601,602,3,1,26.0,7.8958,2,2,18,0,0,0,0,1,0,4,0
602,603,1,1,42.0,42.4,2,2,23,0,0,0,0,1,0,3,0
603,604,3,1,44.0,8.05,2,2,23,0,0,0,0,1,0,4,0
604,605,1,1,35.0,26.55,0,2,29,0,0,0,0,1,0,3,1
605,606,3,1,36.0,15.55,2,2,27,0,0,0,1,0,2,4,0
606,607,3,1,30.0,7.8958,2,2,15,0,0,0,0,1,0,4,0
607,608,1,1,27.0,30.5,2,2,25,0,0,0,0,1,0,3,1
608,609,2,0,22.0,41.5792,0,3,50,0,0,0,3,0,2,4,1
609,610,1,0,40.0,153.4625,2,1,21,1,0,0,0,1,0,2,1
610,611,3,0,39.0,31.275,2,3,54,0,0,0,6,0,1,4,0
611,612,3,1,26.0,7.05,2,2,19,0,0,0,0,1,0,4,0
612,613,3,0,22.0,15.5,1,1,23,0,0,0,1,0,2,4,1
613,614,3,1,26.0,7.75,1,2,14,0,0,0,0,1,0,4,0
614,615,3,1,35.0,8.05,2,2,29,0,0,0,0,1,0,4,0
615,616,2,0,24.0,65.0,2,1,15,0,0,0,3,0,2,4,1
616,617,3,1,34.0,14.4,2,2,23,0,0,0,2,0,2,4,0
617,618,3,0,26.0,16.1,2,3,44,0,0,0,1,0,2,4,0
618,619,2,0,4.0,39.0,2,1,23,0,0,0,3,0,2,5,1
619,620,2,1,26.0,10.5,2,2,17,0,0,0,0,1,0,4,0
620,621,3,1,27.0,14.4542,0,2,17,0,0,0,1,0,2,4,0
621,622,1,1,42.0,52.5542,2,2,26,0,0,0,1,0,2,3,1
622,623,3,1,20.0,15.7417,0,2,14,0,0,0,2,0,2,4,1
623,624,3,1,21.0,7.8542,2,2,25,0,0,0,0,1,0,4,0
624,625,3,1,21.0,16.1,2,2,25,0,0,0,0,1,0,4,0
625,626,1,1,61.0,32.3208,2,2,19,0,0,0,0,1,0,3,0
626,627,2,1,57.0,12.35,1,4,26,0,0,0,0,1,0,4,0
627,628,1,0,21.0,77.9583,2,1,25,0,0,0,0,1,0,3,1
628,629,3,1,26.0,7.8958,2,2,23,0,0,0,0,1,0,4,0
629,630,3,1,26.0,7.7333,1,2,22,0,0,0,0,1,0,4,0
630,631,1,1,80.0,30.0,2,2,34,0,0,0,0,1,0,0,1
631,632,3,1,51.0,7.0542,2,2,25,0,0,0,0,1,0,4,0
632,633,1,1,32.0,30.5,0,4,21,0,0,0,0,1,0,1,1
633,634,1,1,42.0,0.0,2,2,27,0,0,0,0,1,0,3,0
634,635,3,0,9.0,27.9,2,1,14,0,0,0,5,0,1,4,0
635,636,2,0,28.0,13.0,2,1,13,0,0,1,0,1,0,4,1
636,637,3,1,32.0,7.925,2,2,24,0,0,0,0,1,0,4,0
637,638,2,1,31.0,26.25,2,2,17,0,0,0,2,0,2,4,0
638,639,3,0,41.0,39.6875,2,3,35,0,0,0,5,0,1,4,0
639,640,3,1,26.0,16.1,2,2,24,0,0,0,1,0,2,4,0
640,641,3,1,20.0,7.8542,2,2,20,0,0,0,0,1,0,4,0
641,642,1,0,24.0,69.3,0,1,16,0,0,0,0,1,0,1,1
642,643,3,0,2.0,27.9,2,1,25,0,0,0,5,0,1,4,0
643,644,3,1,26.0,56.4958,2,2,13,0,0,0,0,1,0,4,1
644,645,3,0,0.75,19.2583,0,1,18,0,0,0,3,0,2,4,1
645,646,1,1,48.0,76.7292,0,2,23,0,0,0,1,0,2,3,1
646,647,3,1,19.0,7.8958,2,2,15,0,0,0,0,1,0,4,0
647,648,1,1,56.0,35.5,0,4,31,0,0,0,0,1,0,0,1
648,649,3,1,26.0,7.55,2,2,16,0,0,0,0,1,0,4,0
649,650,3,0,23.0,7.55,2,1,27,0,0,0,0,1,0,4,1
650,651,3,1,26.0,7.8958,2,2,15,0,0,0,0,1,0,4,0
651,652,2,0,18.0,23.0,2,1,15,0,0,0,1,0,2,4,1
652,653,3,1,21.0,8.4333,2,2,28,0,0,0,0,1,0,4,0
653,654,3,0,22.0,7.8292,1,1,25,0,0,0,0,1,0,4,1
654,655,3,0,18.0,6.75,1,1,24,0,0,0,0,1,0,4,0
655,656,2,1,24.0,73.5,2,2,23,0,0,0,2,0,2,4,0
656,657,3,1,26.0,7.8958,2,2,19,0,0,0,0,1,0,4,0
657,658,3,0,32.0,15.5,1,3,26,0,0,0,2,0,2,4,0
658,659,2,1,23.0,13.0,2,2,26,0,0,0,0,1,0,4,0
659,660,1,1,58.0,113.275,0,2,24,0,0,0,2,0,2,3,0
660,661,1,1,50.0,133.65,2,4,25,0,0,0,2,0,2,3,1
661,662,3,1,40.0,7.225,0,2,15,0,0,0,0,1,0,4,0
662,663,1,1,47.0,25.5875,2,2,24,0,0,0,0,1,0,4,0
663,664,3,1,36.0,7.4958,2,2,14,0,0,0,0,1,0,4,0
664,665,3,1,20.0,7.925,2,2,25,0,0,0,1,0,2,4,1
665,666,2,1,32.0,73.5,2,2,16,0,0,0,2,0,2,4,0
666,667,2,1,25.0,13.0,2,2,25,0,0,0,0,1,0,4,0
667,668,3,1,26.0,7.775,2,2,24,0,0,0,0,1,0,4,0
668,669,3,1,43.0,8.05,2,2,13,0,0,0,0,1,0,4,0
669,670,1,0,35.0,52.0,2,3,46,0,0,0,1,0,2,2,1
670,671,2,0,40.0,39.0,2,3,58,1,0,0,2,0,2,4,1
671,672,1,1,31.0,52.0,2,2,20,0,0,0,1,0,2,1,0
672,673,2,1,70.0,10.5,2,2,25,0,0,0,0,1,0,4,0
673,674,2,1,31.0,13.0,2,2,19,0,0,0,0,1,0,4,1
674,675,2,1,30.0,0.0,2,2,24,0,0,0,0,1,0,4,0
675,676,3,1,18.0,7.775,2,2,28,0,0,0,0,1,0,4,0
676,677,3,1,24.5,8.05,2,2,27,0,0,0,0,1,0,4,0
677,678,3,0,18.0,9.8417,2,1,19,0,1,0,0,1,0,4,1
678,679,3,0,43.0,46.9,2,3,36,0,0,0,7,0,1,4,0
679,680,1,1,36.0,512.3292,0,2,32,0,0,0,1,0,2,1,1
680,681,3,0,22.0,8.1375,1,1,15,0,0,0,0,1,0,4,0
681,682,1,1,27.0,76.7292,0,2,16,0,0,0,0,1,0,3,1
682,683,3,1,20.0,9.225,2,2,25,0,0,0,0,1,0,4,0
683,684,3,1,14.0,46.9,2,2,25,0,0,0,7,0,1,4,0
684,685,2,1,60.0,39.0,2,2,31,0,0,0,2,0,2,4,0
685,686,2,1,25.0,41.5792,0,2,36,0,0,0,3,0,2,4,0
686,687,3,1,14.0,39.6875,2,2,22,0,0,0,5,0,1,4,0
687,688,3,1,19.0,10.1708,2,2,15,0,0,0,0,1,0,4,0
688,689,3,1,18.0,7.7958,2,2,29,0,0,0,0,1,0,4,0
689,690,1,0,15.0,211.3375,2,1,29,0,0,0,1,0,2,1,1
690,691,1,1,31.0,57.0,2,2,21,0,0,0,1,0,2,1,1
691,692,3,0,4.0,13.4167,0,1,14,0,0,0,1,0,2,4,1
692,693,3,1,26.0,56.4958,2,2,10,0,0,0,0,1,0,4,1
693,694,3,1,25.0,7.225,0,2,14,0,0,0,0,1,0,4,0
694,695,1,1,60.0,26.55,2,4,11,0,0,0,0,1,0,3,0
695,696,2,1,52.0,13.5,2,2,24,0,0,0,0,1,0,4,0
696,697,3,1,44.0,8.05,2,2,14,0,0,0,0,1,0,4,0
697,698,3,0,22.0,7.7333,1,1,28,0,0,0,0,1,0,4,1
698,699,1,1,49.0,110.8833,0,2,22,0,0,0,2,0,2,2,0
699,700,3,1,42.0,7.65,2,2,38,0,0,0,0,1,0,5,0
700,701,1,0,18.0,227.525,0,3,46,0,0,0,1,0,2,2,1
701,702,1,1,35.0,26.2875,2,2,30,0,0,0,0,1,0,4,1
702,703,3,0,18.0,14.4542,0,1,17,0,0,0,1,0,2,4,0
703,704,3,1,25.0,7.7417,1,2,19,0,0,0,0,1,0,4,0
704,705,3,1,26.0,7.8542,2,2,21,0,0,0,1,0,2,4,0
705,706,2,1,39.0,26.0,2,2,44,0,0,0,0,1,0,4,0
706,707,2,0,45.0,13.5,2,3,26,0,0,0,0,1,0,4,1
707,708,1,1,42.0,26.2875,2,2,31,0,0,0,0,1,0,4,1
708,709,1,0,22.0,151.55,2,1,16,0,0,0,0,1,0,3,1
709,710,3,1,26.0,15.2458,0,0,43,0,0,0,2,0,2,4,1
710,711,1,0,24.0,49.5042,0,1,44,0,0,0,0,1,0,2,1
711,712,1,1,42.0,26.55,2,2,16,0,0,0,0,1,0,2,0
712,713,1,1,48.0,52.0,2,2,22,0,0,0,1,0,2,2,1
713,714,3,1,29.0,9.4833,2,2,24,0,0,0,0,1,0,4,0
714,715,2,1,52.0,13.0,2,2,19,0,0,0,0,1,0,4,0
715,716,3,1,19.0,7.65,2,2,40,0,0,0,0,1,0,5,0
716,717,1,0,38.0,227.525,0,1,25,0,0,0,0,1,0,2,1
717,718,2,0,27.0,10.5,2,1,31,0,0,0,0,1,0,4,1
718,719,3,1,26.0,15.5,1,2,17,0,0,0,0,1,0,4,0
719,720,3,1,33.0,7.775,2,2,26,0,0,0,0,1,0,4,0
720,721,2,0,6.0,33.0,2,1,29,0,0,0,1,0,2,4,1
721,722,3,1,17.0,7.0542,2,2,23,0,0,0,1,0,2,4,0
722,723,2,1,34.0,13.0,2,2,26,0,0,0,0,1,0,4,0
723,724,2,1,50.0,13.0,2,2,21,0,0,0,0,1,0,4,0
724,725,1,1,27.0,53.1,2,2,27,0,0,0,1,0,2,4,1
725,726,3,1,20.0,8.6625,2,2,17,0,0,0,0,1,0,4,0
726,727,2,0,30.0,21.0,2,3,40,0,0,0,3,0,2,4,1
727,728,3,0,22.0,7.7375,1,1,20,0,0,0,0,1,0,4,1
728,729,2,1,25.0,26.0,2,2,29,0,0,0,1,0,2,4,0
729,730,3,0,25.0,7.925,2,1,25,0,0,0,1,0,2,4,0
730,731,1,0,29.0,211.3375,2,1,25,0,0,0,0,1,0,1,1
731,732,3,1,11.0,18.7875,0,2,22,0,0,0,0,1,0,4,0
732,733,2,1,30.0,0.0,2,2,18,0,0,0,0,1,0,4,0
733,734,2,1,23.0,13.0,2,2,24,0,0,0,0,1,0,4,0
734,735,2,1,23.0,13.0,2,2,26,0,0,0,0,1,0,4,0
735,736,3,1,28.5,16.1,2,2,18,0,0,0,0,1,0,4,0
736,737,3,0,48.0,34.375,2,3,36,0,0,0,4,0,2,4,0
737,738,1,1,35.0,512.3292,0,2,20,0,0,0,0,1,0,1,1
738,739,3,1,26.0,7.8958,2,2,16,0,0,0,0,1,0,4,0
739,740,3,1,26.0,7.8958,2,2,16,0,0,0,0,1,0,4,0
740,741,1,1,42.0,30.0,2,2,25,0,0,0,0,1,0,3,1
741,742,1,1,36.0,78.85,2,2,27,0,0,0,1,0,2,2,0
742,743,1,0,21.0,262.375,0,1,33,0,0,0,4,0,2,1,1
743,744,3,1,24.0,16.1,2,2,15,0,0,0,1,0,2,4,0
744,745,3,1,31.0,7.925,2,2,16,0,0,0,0,1,0,4,1
745,746,1,1,70.0,71.0,2,4,24,0,0,0,2,0,2,1,0
746,747,3,1,16.0,20.25,2,2,25,0,0,0,2,0,2,4,0
747,748,2,0,30.0,13.0,2,1,17,0,1,0,0,1,0,4,1
748,749,1,1,19.0,53.1,2,2,23,0,0,0,1,0,2,3,0
749,750,3,1,31.0,7.75,1,2,21,0,0,0,0,1,0,4,0
750,751,2,0,4.0,23.0,2,1,13,0,0,0,2,0,2,4,1
751,752,3,1,6.0,12.475,2,0,13,0,0,0,1,0,2,4,1
752,753,3,1,33.0,9.5,2,2,30,0,0,0,0,1,0,4,0
753,754,3,1,23.0,7.8958,2,2,16,0,0,0,0,1,0,4,0
754,755,2,0,48.0,65.0,2,3,29,0,0,0,3,0,2,4,1
755,756,2,1,0.67,14.5,2,0,19,0,0,0,2,0,2,4,1
756,757,3,1,28.0,7.7958,2,2,26,0,0,0,0,1,0,4,0
757,758,2,1,18.0,11.5,2,2,22,0,0,0,0,1,0,4,0
758,759,3,1,34.0,8.05,2,2,26,0,0,0,0,1,0,4,0
759,760,1,0,33.0,86.5,2,4,52,0,0,0,0,1,0,1,1
760,761,3,1,26.0,14.5,2,2,16,0,0,0,0,1,0,4,0
761,762,3,1,41.0,7.125,2,2,28,0,0,0,0,1,0,4,0
762,763,3,1,20.0,7.2292,0,2,19,0,0,0,0,1,0,4,1
763,764,1,0,36.0,120.0,2,3,38,0,0,0,3,0,2,1,1
764,765,3,1,16.0,7.775,2,2,20,0,0,0,0,1,0,4,0
765,766,1,0,51.0,77.9583,2,3,33,0,1,0,1,0,2,3,1
766,767,1,1,42.0,39.6,0,4,21,0,0,0,0,1,0,3,0
767,768,3,0,30.5,7.75,1,1,14,0,0,1,0,1,0,4,0
768,769,3,1,26.0,24.15,1,2,17,0,0,0,1,0,2,4,0
769,770,3,1,32.0,8.3625,2,2,30,0,0,0,0,1,0,4,0
770,771,3,1,24.0,9.5,2,2,20,0,0,0,0,1,0,4,0
771,772,3,1,48.0,7.8542,2,2,21,0,0,0,0,1,0,4,0
772,773,2,0,57.0,10.5,2,3,14,0,0,1,0,1,0,4,0
773,774,3,1,26.0,7.225,0,2,13,0,0,0,0,1,0,4,0
774,775,2,0,54.0,23.0,2,3,34,0,0,0,4,0,2,4,1
775,776,3,1,18.0,7.75,2,2,37,0,0,0,0,1,0,4,0
776,777,3,1,26.0,7.75,1,2,14,0,0,0,0,1,0,5,0
777,778,3,0,5.0,12.475,2,1,25,0,0,0,0,1,0,4,1
778,779,3,1,26.0,7.7375,1,2,21,0,0,0,0,1,0,4,0
779,780,1,0,43.0,211.3375,2,3,50,0,0,0,1,0,2,1,1
780,781,3,0,13.0,7.2292,0,1,16,0,0,0,0,1,0,4,1
781,782,1,0,17.0,57.0,2,3,38,0,0,0,1,0,2,1,1
782,783,1,1,29.0,30.0,2,2,20,0,0,0,0,1,0,3,0
783,784,3,1,26.0,23.45,2,2,20,0,0,0,3,0,2,4,0
784,785,3,1,25.0,7.05,2,2,14,0,0,0,0,1,0,4,0
785,786,3,1,25.0,7.25,2,2,32,0,0,0,0,1,0,4,0
786,787,3,0,18.0,7.4958,2,1,21,0,1,0,0,1,0,4,1
787,788,3,1,8.0,29.125,1,0,19,0,0,0,5,0,1,4,0
788,789,3,1,1.0,20.575,2,0,20,0,0,0,3,0,2,4,1
789,790,1,1,46.0,79.2,0,2,22,0,0,0,0,1,0,1,0
790,791,3,1,26.0,7.75,1,2,22,0,0,0,0,1,0,4,0
791,792,2,1,16.0,26.0,2,2,17,0,0,0,0,1,0,4,0
792,793,3,0,22.0,69.55,2,1,19,0,0,0,10,0,1,4,0
793,794,1,1,42.0,30.6958,0,2,22,0,0,0,0,1,0,3,0
794,795,3,1,25.0,7.8958,2,2,19,0,0,0,0,1,0,4,0
795,796,2,1,39.0,13.0,2,2,16,0,0,0,0,1,0,4,0
796,797,1,0,49.0,25.9292,2,4,23,0,0,0,0,1,0,3,1
797,798,3,0,31.0,8.6833,2,3,13,0,0,0,0,1,0,4,1
798,799,3,1,30.0,7.2292,0,2,26,0,0,0,0,1,0,4,0
799,800,3,0,30.0,24.15,2,3,49,0,0,0,2,0,2,4,0
800,801,2,1,34.0,13.0,2,2,18,0,0,0,0,1,0,4,0
801,802,2,0,31.0,26.25,2,3,40,0,0,0,2,0,2,4,1
802,803,1,1,11.0,120.0,2,0,29,0,0,0,3,0,2,1,1
803,804,3,1,0.42,8.5167,0,0,25,0,0,0,1,0,2,4,1
804,805,3,1,27.0,6.975,2,2,21,0,0,0,0,1,0,4,1
805,806,3,1,31.0,7.775,2,2,23,0,0,0,0,1,0,4,0
806,807,1,1,39.0,0.0,2,2,20,0,0,0,0,1,0,0,0
807,808,3,0,18.0,7.775,2,1,27,0,0,0,0,1,0,4,0
808,809,2,1,39.0,13.0,2,2,15,0,0,0,0,1,0,4,0
809,810,1,0,33.0,53.1,2,3,43,0,0,0,1,0,2,4,1
810,811,3,1,26.0,7.8875,2,2,20,0,0,0,0,1,0,4,0
811,812,3,1,39.0,24.15,2,2,15,0,0,0,0,1,0,4,0
812,813,2,1,35.0,10.5,2,2,23,0,0,0,0,1,0,4,0
813,814,3,0,6.0,31.275,2,1,30,0,0,0,6,0,1,4,0
814,815,3,1,30.5,8.05,2,2,24,0,0,0,0,1,0,4,0
815,816,1,1,42.0,0.0,2,2,14,0,0,0,0,1,0,1,0
816,817,3,0,23.0,7.925,2,1,24,0,0,0,0,1,0,4,0
817,818,2,1,31.0,37.0042,0,2,16,0,0,0,2,0,2,4,0
818,819,3,1,43.0,6.45,2,2,30,0,0,0,0,1,0,4,0
819,820,3,1,10.0,27.9,2,0,22,0,0,0,5,0,1,4,0
820,821,1,0,52.0,93.5,2,3,47,0,0,0,2,0,2,1,1
821,822,3,1,27.0,8.6625,2,2,15,0,0,0,0,1,0,4,1
822,823,1,1,38.0,0.0,2,4,27,0,0,0,0,1,0,3,0
823,824,3,0,27.0,12.475,2,3,15,0,0,0,1,0,2,4,1
824,825,3,1,2.0,39.6875,2,0,22,0,0,0,5,0,1,4,0
825,826,3,1,26.0,6.95,1,2,13,0,0,0,0,1,0,4,0
826,827,3,1,26.0,56.4958,2,2,10,0,0,0,0,1,0,4,0
827,828,2,1,1.0,37.0042,0,0,15,0,0,0,2,0,2,4,1
828,829,3,1,26.0,7.75,1,2,26,0,0,0,0,1,0,4,1
829,830,1,0,62.0,80.0,0,3,38,0,0,0,0,1,0,1,1
830,831,3,0,15.0,14.4542,0,3,36,0,0,0,1,0,2,4,1
831,832,2,1,0.83,18.75,2,0,25,0,0,0,2,0,2,4,1
832,833,3,1,26.0,7.2292,0,2,12,0,0,0,0,1,0,4,0
833,834,3,1,23.0,7.8542,2,2,20,0,0,0,0,1,0,4,0
834,835,3,1,18.0,8.3,2,2,20,0,0,0,0,1,0,4,0
835,836,1,0,39.0,83.1583,0,1,23,0,0,0,2,0,2,4,1
836,837,3,1,21.0,8.6625,2,2,14,0,0,0,0,1,0,4,0
837,838,3,1,26.0,8.05,2,2,17,0,0,0,0,1,0,4,0
838,839,3,1,32.0,56.4958,2,2,13,0,0,0,0,1,0,4,1
839,840,1,1,42.0,29.7,0,2,18,0,0,0,0,1,0,2,1
840,841,3,1,20.0,7.925,2,2,25,0,0,0,0,1,0,4,0
841,842,2,1,16.0,10.5,2,2,22,0,0,0,0,1,0,4,0
842,843,1,0,30.0,31.0,0,1,19,0,0,0,0,1,0,3,1
843,844,3,1,34.5,6.4375,0,2,24,0,0,0,0,1,0,4,0
844,845,3,1,17.0,8.6625,2,2,17,0,0,0,0,1,0,4,0
845,846,3,1,42.0,7.55,2,2,17,0,0,0,0,1,0,4,0
846,847,3,1,26.0,69.55,2,2,22,0,0,0,10,0,1,4,0
847,848,3,1,35.0,7.8958,0,2,16,0,0,0,0,1,0,4,0
848,849,2,1,28.0,33.0,2,4,13,0,0,0,1,0,2,4,0
849,850,1,0,35.0,89.1042,0,3,41,0,0,0,1,0,2,2,1
850,851,3,1,4.0,31.275,2,0,33,0,0,0,6,0,1,4,0
851,852,3,1,74.0,7.775,2,2,17,0,0,0,0,1,0,4,0
852,853,3,0,9.0,15.2458,0,1,19,0,0,0,2,0,2,4,0
853,854,1,0,16.0,39.4,2,1,21,0,0,1,1,0,2,3,1
854,855,2,0,44.0,26.0,2,3,42,0,0,0,1,0,2,4,0
855,856,3,0,18.0,9.35,2,3,23,0,0,0,1,0,2,4,1
856,857,1,0,45.0,164.8667,2,3,39,0,0,1,2,0,2,3,1
857,858,1,1,51.0,26.55,2,2,20,0,0,0,0,1,0,4,1
858,859,3,0,24.0,19.2583,0,3,34,0,0,0,3,0,2,4,1
859,860,3,1,26.0,7.2292,0,2,14,0,0,0,0,1,0,4,0
860,861,3,1,41.0,14.1083,2,2,21,0,0,0,2,0,2,4,0
861,862,2,1,21.0,11.5,2,2,25,0,0,0,1,0,2,4,0
862,863,1,0,48.0,25.9292,2,3,48,0,0,0,0,1,0,3,1
863,864,3,0,22.0,69.55,2,1,29,0,0,0,10,0,1,4,0
864,865,2,1,24.0,13.0,2,2,20,0,0,0,0,1,0,4,0
865,866,2,0,42.0,13.0,2,3,21,0,0,0,0,1,0,4,1
866,867,2,0,27.0,13.8583,0,1,24,0,0,0,1,0,2,4,1
867,868,1,1,31.0,50.4958,2,2,34,0,0,0,0,1,0,0,0
868,869,3,1,26.0,9.5,2,2,25,0,0,0,0,1,0,4,0
869,870,3,1,4.0,11.1333,2,0,25,0,0,0,2,0,2,4,1
870,871,3,1,26.0,7.8958,2,2,15,0,0,0,0,1,0,4,0
871,872,1,0,47.0,52.5542,2,3,45,0,0,0,2,0,2,3,1
872,873,1,1,33.0,5.0,2,2,22,0,0,0,0,1,0,1,0
873,874,3,1,47.0,9.0,2,2,25,0,0,0,0,1,0,4,0
874,875,2,0,28.0,24.0,0,3,34,0,0,0,1,0,2,4,1
875,876,3,0,15.0,7.225,0,1,28,0,0,0,0,1,0,4,1
876,877,3,1,20.0,9.8458,2,2,27,0,0,0,0,1,0,4,0
877,878,3,1,19.0,7.8958,2,2,18,0,0,0,0,1,0,4,0
878,879,3,1,26.0,7.8958,2,2,16,0,0,0,0,1,0,4,0
879,880,1,0,56.0,83.1583,0,3,42,0,0,0,1,0,2,2,1
880,881,2,0,25.0,26.0,2,3,41,0,0,0,1,0,2,4,1
881,882,3,1,33.0,7.8958,2,2,16,0,0,0,0,1,0,4,0
882,883,3,0,22.0,10.5167,2,1,24,0,0,0,0,1,0,4,0
883,884,2,1,28.0,10.5,2,2,27,0,0,0,0,1,0,4,0
884,885,3,1,25.0,7.05,2,2,20,0,0,0,0,1,0,4,0
885,886,3,0,39.0,29.125,1,3,33,0,0,0,5,0,1,4,0
886,887,2,1,27.0,13.0,2,4,17,0,0,0,0,1,0,4,0
887,888,1,0,19.0,30.0,2,1,24,0,0,0,0,1,0,1,1
888,889,3,0,22.0,23.45,2,1,36,0,0,0,3,0,2,4,0
889,890,1,1,26.0,30.0,0,2,19,0,0,0,0,1,0,2,1
890,891,3,1,32.0,7.75,1,2,17,0,0,0,0,1,0,4,0
